YYYY-MM-DD;hh:mm; Original; Calculated; Flag
1923-06-01;--:--;   -999.000;    101.044; 100
1923-07-01;--:--;   -999.000;     56.690; 100
1923-08-01;--:--;   -999.000;     51.594; 100
1923-09-01;--:--;   -999.000;     40.936; 100
1923-10-01;--:--;   -999.000;     67.793; 100
1923-11-01;--:--;   -999.000;    162.595; 100
1923-12-01;--:--;   -999.000;    333.426; 100
1924-01-01;--:--;   -999.000;    268.535; 100
1924-02-01;--:--;   -999.000;    141.008; 100
1924-03-01;--:--;   -999.000;    246.904; 100
1924-04-01;--:--;   -999.000;    686.494; 100
1924-05-01;--:--;   -999.000;    432.270; 100
1924-06-01;--:--;   -999.000;    113.768; 100
1924-07-01;--:--;   -999.000;     59.076; 100
1924-08-01;--:--;   -999.000;     46.397; 100
1924-09-01;--:--;   -999.000;    108.831; 100
1924-10-01;--:--;   -999.000;     80.460; 100
1924-11-01;--:--;   -999.000;     78.777; 100
1924-12-01;--:--;   -999.000;     92.920; 100
1925-01-01;--:--;   -999.000;     45.896; 100
1925-02-01;--:--;   -999.000;    260.249; 100
1925-03-01;--:--;   -999.000;    478.234; 100
1925-04-01;--:--;   -999.000;    414.747; 100
1925-05-01;--:--;   -999.000;    192.216; 100
1925-06-01;--:--;   -999.000;     97.011; 100
1925-07-01;--:--;   -999.000;    113.025; 100
1925-08-01;--:--;   -999.000;     72.051; 100
1925-09-01;--:--;   -999.000;     63.130; 100
1925-10-01;--:--;   -999.000;    103.236; 100
1925-11-01;--:--;   -999.000;    191.054; 100
1925-12-01;--:--;   -999.000;    246.722; 100
1926-01-01;--:--;   -999.000;    148.197; 100
1926-02-01;--:--;   -999.000;    120.943; 100
1926-03-01;--:--;   -999.000;    230.608; 100
1926-04-01;--:--;   -999.000;    543.871; 100
1926-05-01;--:--;   -999.000;    300.514; 100
1926-06-01;--:--;   -999.000;    111.955; 100
1926-07-01;--:--;   -999.000;     67.589; 100
1926-08-01;--:--;   -999.000;     50.856; 100
1926-09-01;--:--;   -999.000;     43.632; 100
1926-10-01;--:--;   -999.000;     67.177; 100
1926-11-01;--:--;   -999.000;    209.308; 100
1926-12-01;--:--;   -999.000;    124.165; 100
1927-01-01;--:--;   -999.000;    128.768; 100
1927-02-01;--:--;   -999.000;    138.904; 100
1927-03-01;--:--;   -999.000;    444.985; 100
1927-04-01;--:--;   -999.000;    260.033; 100
1927-05-01;--:--;   -999.000;    200.099; 100
1927-06-01;--:--;   -999.000;    104.211; 100
1927-07-01;--:--;   -999.000;     83.105; 100
1927-08-01;--:--;   -999.000;     96.113; 100
1927-09-01;--:--;   -999.000;    142.009; 100
1927-10-01;--:--;   -999.000;    162.223; 100
1927-11-01;--:--;   -999.000;    500.887; 100
1927-12-01;--:--;   -999.000;    383.556; 100
1928-01-01;--:--;   -999.000;    243.141; 100
1928-02-01;--:--;   -999.000;    246.073; 100
1928-03-01;--:--;   -999.000;    247.233; 100
1928-04-01;--:--;   -999.000;    451.842; 100
1928-05-01;--:--;   -999.000;    419.573; 100
1928-06-01;--:--;   -999.000;    287.132; 100
1928-07-01;--:--;   -999.000;    190.947; 100
1928-08-01;--:--;   -999.000;    176.121; 100
1928-09-01;--:--;   -999.000;    162.321; 100
1928-10-01;--:--;   -999.000;     99.849; 100
1928-11-01;--:--;   -999.000;    101.393; 100
1928-12-01;--:--;   -999.000;    118.255; 100
1929-01-01;--:--;   -999.000;    173.290; 100
1929-02-01;--:--;   -999.000;    166.311; 100
1929-03-01;--:--;   -999.000;    489.716; 100
1929-04-01;--:--;   -999.000;    563.599; 100
1929-05-01;--:--;   -999.000;    481.285; 100
1929-06-01;--:--;   -999.000;    128.974; 100
1929-07-01;--:--;   -999.000;     72.663; 100
1929-08-01;--:--;   -999.000;     48.787; 100
1929-09-01;--:--;   -999.000;     44.838; 100
1929-10-01;--:--;   -999.000;     50.072; 100
1929-11-01;--:--;   -999.000;     63.804; 100
1929-12-01;--:--;   -999.000;     60.217; 100
1930-01-01;--:--;   -999.000;    122.219; 100
1930-02-01;--:--;   -999.000;    137.711; 100
1930-03-01;--:--;   -999.000;    329.133; 100
1930-04-01;--:--;   -999.000;    298.318; 100
1930-05-01;--:--;   -999.000;    170.138; 100
1930-06-01;--:--;   -999.000;    147.568; 100
1930-07-01;--:--;   -999.000;     66.033; 100
1930-08-01;--:--;   -999.000;     64.839; 100
1930-09-01;--:--;   -999.000;     44.331; 100
1930-10-01;--:--;   -999.000;     37.766; 100
1930-11-01;--:--;   -999.000;     83.870; 100
1930-12-01;--:--;   -999.000;     68.285; 100
1931-01-01;--:--;   -999.000;     51.909; 100
1931-02-01;--:--;   -999.000;     59.599; 100
1931-03-01;--:--;   -999.000;    220.743; 100
1931-04-01;--:--;   -999.000;    501.406; 100
1931-05-01;--:--;   -999.000;    265.173; 100
1931-06-01;--:--;   -999.000;    304.717; 100
1931-07-01;--:--;   -999.000;     97.181; 100
1931-08-01;--:--;   -999.000;     65.452; 100
1931-09-01;--:--;   -999.000;     59.424; 100
1931-10-01;--:--;   -999.000;     59.888; 100
1931-11-01;--:--;   -999.000;     81.486; 100
1931-12-01;--:--;   -999.000;    133.034; 100
1932-01-01;--:--;   -999.000;    255.746; 100
1932-02-01;--:--;   -999.000;    185.387; 100
1932-03-01;--:--;   -999.000;    197.259; 100
1932-04-01;--:--;   -999.000;    630.238; 100
1932-05-01;--:--;   -999.000;    191.485; 100
1932-06-01;--:--;   -999.000;     67.913; 100
1932-07-01;--:--;   -999.000;     67.703; 100
1932-08-01;--:--;   -999.000;     59.888; 100
1932-09-01;--:--;   -999.000;     93.489; 100
1932-10-01;--:--;   -999.000;    176.523; 100
1932-11-01;--:--;   -999.000;    335.214; 100
1932-12-01;--:--;   -999.000;    160.757; 100
1933-01-01;--:--;   -999.000;    186.096; 100
1933-02-01;--:--;   -999.000;    181.986; 100
1933-03-01;--:--;   -999.000;    341.848; 100
1933-04-01;--:--;   -999.000;    991.654; 100
1933-05-01;--:--;   -999.000;    314.508; 100
1933-06-01;--:--;   -999.000;    111.370; 100
1933-07-01;--:--;   -999.000;     50.902; 100
1933-08-01;--:--;   -999.000;     64.579; 100
1933-09-01;--:--;   -999.000;    112.809; 100
1933-10-01;--:--;   -999.000;    141.319; 100
1933-11-01;--:--;   -999.000;    116.628; 100
1933-12-01;--:--;   -999.000;    119.597; 100
1934-01-01;--:--;   -999.000;    157.505; 100
1934-02-01;--:--;   -999.000;    108.140; 100
1934-03-01;--:--;   -999.000;    307.557; 100
1934-04-01;--:--;   -999.000;    811.088; 100
1934-05-01;--:--;   -999.000;    293.846; 100
1934-06-01;--:--;   -999.000;    117.081; 100
1934-07-01;--:--;   -999.000;     53.816; 100
1934-08-01;--:--;   -999.000;     47.617; 100
1934-09-01;--:--;   -999.000;    104.576; 100
1934-10-01;--:--;   -999.000;    119.040; 100
1934-11-01;--:--;   -999.000;    161.453; 100
1934-12-01;--:--;   -999.000;    180.470; 100
1935-01-01;--:--;   -999.000;    306.634; 100
1935-02-01;--:--;   -999.000;    205.802; 100
1935-03-01;--:--;   -999.000;    391.457; 100
1935-04-01;--:--;   -999.000;    428.782; 100
1935-05-01;--:--;   -999.000;    243.734; 100
1935-06-01;--:--;   -999.000;    281.460; 100
1935-07-01;--:--;   -999.000;    140.844; 100
1935-08-01;--:--;   -999.000;     62.445; 100
1935-09-01;--:--;   -999.000;     77.694; 100
1935-10-01;--:--;   -999.000;     55.854; 100
1935-11-01;--:--;   -999.000;     92.478; 100
1935-12-01;--:--;   -999.000;    119.438; 100
1936-01-01;--:--;   -999.000;    182.360; 100
1936-02-01;--:--;   -999.000;    130.033; 100
1936-03-01;--:--;   -999.000;   1296.307; 100
1936-04-01;--:--;   -999.000;    586.856; 100
1936-05-01;--:--;   -999.000;    219.455; 100
1936-06-01;--:--;   -999.000;     87.263; 100
1936-07-01;--:--;   -999.000;     57.854; 100
1936-08-01;--:--;   -999.000;     44.731; 100
1936-09-01;--:--;   -999.000;     52.282; 100
1936-10-01;--:--;   -999.000;    101.205; 100
1936-11-01;--:--;   -999.000;    102.093; 100
1936-12-01;--:--;   -999.000;    303.017; 100
1937-01-01;--:--;   -999.000;    337.080; 100
1937-02-01;--:--;   -999.000;    301.341; 100
1937-03-01;--:--;   -999.000;    241.433; 100
1937-04-01;--:--;   -999.000;    485.359; 100
1937-05-01;--:--;   -999.000;    568.985; 100
1937-06-01;--:--;   -999.000;    240.768; 100
1937-07-01;--:--;   -999.000;    108.581; 100
1937-08-01;--:--;   -999.000;     72.226; 100
1937-09-01;--:--;   -999.000;     66.335; 100
1937-10-01;--:--;   -999.000;     99.116; 100
1937-11-01;--:--;   -999.000;    269.302; 100
1937-12-01;--:--;   -999.000;    336.367; 100
1938-01-01;--:--;   -999.000;    265.511; 100
1938-02-01;--:--;   -999.000;    309.634; 100
1938-03-01;--:--;   -999.000;    313.129; 100
1938-04-01;--:--;   -999.000;    371.630; 100
1938-05-01;--:--;   -999.000;    215.957; 100
1938-06-01;--:--;   -999.000;    147.191; 100
1938-07-01;--:--;   -999.000;    249.508; 100
1938-08-01;--:--;   -999.000;    213.719; 100
1938-09-01;--:--;   -999.000;    556.406; 100
1938-10-01;--:--;   -999.000;    223.264; 100
1938-11-01;--:--;   -999.000;    185.371; 100
1938-12-01;--:--;   -999.000;    426.890; 100
1939-01-01;--:--;   -999.000;    209.901; 100
1939-02-01;--:--;   -999.000;    172.368; 100
1939-03-01;--:--;   -999.000;    303.510; 100
1939-04-01;--:--;   -999.000;    748.791; 100
1939-05-01;--:--;   -999.000;    345.191; 100
1939-06-01;--:--;   -999.000;    119.025; 100
1939-07-01;--:--;   -999.000;     63.740; 100
1939-08-01;--:--;   -999.000;     66.021; 100
1939-09-01;--:--;   -999.000;     48.884; 100
1939-10-01;--:--;   -999.000;     51.211; 100
1939-11-01;--:--;   -999.000;    100.582; 100
1939-12-01;--:--;   -999.000;     89.899; 100
1940-01-01;--:--;   -999.000;     66.431; 100
1940-02-01;--:--;   -999.000;     68.566; 100
1940-03-01;--:--;   -999.000;    117.003; 100
1940-04-01;--:--;   -999.000;    805.991; 100
1940-05-01;--:--;   -999.000;    534.822; 100
1940-06-01;--:--;   -999.000;    297.043; 100
1940-07-01;--:--;   -999.000;    111.422; 100
1940-08-01;--:--;   -999.000;     63.495; 100
1940-09-01;--:--;   -999.000;     83.610; 100
1940-10-01;--:--;   -999.000;     53.205; 100
1940-11-01;--:--;   -999.000;    169.646; 100
1940-12-01;--:--;   -999.000;    142.762; 100
1941-01-01;--:--;   -999.000;    171.755; 100
1941-02-01;--:--;   -999.000;    225.321; 100
1941-03-01;--:--;   -999.000;    164.913; 100
1941-04-01;--:--;   -999.000;    288.378; 100
1941-05-01;--:--;   -999.000;    115.894; 100
1941-06-01;--:--;   -999.000;     68.735; 100
1941-07-01;--:--;   -999.000;     70.274; 100
1941-08-01;--:--;   -999.000;     40.338; 100
1941-09-01;--:--;   -999.000;     35.378; 100
1941-10-01;--:--;   -999.000;     44.063; 100
1941-11-01;--:--;   -999.000;     67.788; 100
1941-12-01;--:--;   -999.000;     72.738; 100
1942-01-01;--:--;   -999.000;     96.853; 100
1942-02-01;--:--;   -999.000;     79.601; 100
1942-03-01;--:--;   -999.000;    405.332; 100
1942-04-01;--:--;   -999.000;    425.677; 100
1942-05-01;--:--;   -999.000;    183.283; 100
1942-06-01;--:--;   -999.000;    194.574; 100
1942-07-01;--:--;   -999.000;     94.576; 100
1942-08-01;--:--;   -999.000;     73.968; 100
1942-09-01;--:--;   -999.000;     57.119; 100
1942-10-01;--:--;   -999.000;     69.093; 100
1942-11-01;--:--;   -999.000;    154.330; 100
1942-12-01;--:--;   -999.000;    196.235; 100
1943-01-01;--:--;   -999.000;    151.157; 100
1943-02-01;--:--;   -999.000;    165.350; 100
1943-03-01;--:--;   -999.000;    351.594; 100
1943-04-01;--:--;   -999.000;    390.847; 100
1943-05-01;--:--;   -999.000;    513.265; 100
1943-06-01;--:--;   -999.000;    175.281; 100
1943-07-01;--:--;   -999.000;     80.032; 100
1943-08-01;--:--;   -999.000;    135.815; 100
1943-09-01;--:--;   -999.000;     73.796; 100
1943-10-01;--:--;   -999.000;    101.778; 100
1943-11-01;--:--;   -999.000;    257.371; 100
1943-12-01;--:--;   -999.000;    124.722; 100
1944-01-01;--:--;   -999.000;     76.364; 100
1944-02-01;--:--;   -999.000;     88.807; 100
1944-03-01;--:--;   -999.000;    210.641; 100
1944-04-01;--:--;   -999.000;    533.489; 100
1944-05-01;--:--;   -999.000;    282.876; 100
1944-06-01;--:--;   -999.000;    279.145; 100
1944-07-01;--:--;   -999.000;    127.431; 100
1944-08-01;--:--;   -999.000;     55.027; 100
1944-09-01;--:--;   -999.000;    111.081; 100
1944-10-01;--:--;   -999.000;     95.342; 100
1944-11-01;--:--;   -999.000;     99.475; 100
1944-12-01;--:--;   -999.000;    182.607; 100
1945-01-01;--:--;   -999.000;    193.440; 100
1945-02-01;--:--;   -999.000;    165.603; 100
1945-03-01;--:--;   -999.000;    582.413; 100
1945-04-01;--:--;   -999.000;    420.448; 100
1945-05-01;--:--;   -999.000;    534.731; 100
1945-06-01;--:--;   -999.000;    324.643; 100
1945-07-01;--:--;   -999.000;    180.643; 100
1945-08-01;--:--;   -999.000;    101.140; 100
1945-09-01;--:--;   -999.000;     77.899; 100
1945-10-01;--:--;   -999.000;    120.812; 100
1945-11-01;--:--;   -999.000;    171.282; 100
1945-12-01;--:--;   -999.000;    285.104; 100
1946-01-01;--:--;   -999.000;    250.165; 100
1946-02-01;--:--;   -999.000;    202.900; 100
1946-03-01;--:--;   -999.000;    544.514; 100
1946-04-01;--:--;   -999.000;    280.214; 100
1946-05-01;--:--;   -999.000;    336.093; 100
1946-06-01;--:--;   -999.000;    241.722; 100
1946-07-01;--:--;   -999.000;     76.304; 100
1946-08-01;--:--;   -999.000;    118.401; 100
1946-09-01;--:--;   -999.000;     80.521; 100
1946-10-01;--:--;   -999.000;    149.960; 100
1946-11-01;--:--;   -999.000;    115.013; 100
1946-12-01;--:--;   -999.000;    112.409; 100
1947-01-01;--:--;   -999.000;    139.647; 100
1947-02-01;--:--;   -999.000;    244.354; 100
1947-03-01;--:--;   -999.000;    356.600; 100
1947-04-01;--:--;   -999.000;    487.332; 100
1947-05-01;--:--;   -999.000;    385.081; 100
1947-06-01;--:--;   -999.000;    286.113; 100
1947-07-01;--:--;   -999.000;    117.843; 100
1947-08-01;--:--;   -999.000;     72.492; 100
1947-09-01;--:--;   -999.000;     65.737; 100
1947-10-01;--:--;   -999.000;     35.602; 100
1947-11-01;--:--;   -999.000;    110.504; 100
1947-12-01;--:--;   -999.000;     75.834; 100
1948-01-01;--:--;   -999.000;     65.293; 100
1948-02-01;--:--;   -999.000;    101.071; 100
1948-03-01;--:--;   -999.000;    445.158; 100
1948-04-01;--:--;   -999.000;    390.206; 100
1948-05-01;--:--;   -999.000;    411.078; 100
1948-06-01;--:--;   -999.000;    294.202; 100
1948-07-01;--:--;   -999.000;    124.767; 100
1948-08-01;--:--;   -999.000;     65.120; 100
1948-09-01;--:--;   -999.000;     39.650; 100
1948-10-01;--:--;   -999.000;     38.671; 100
1948-11-01;--:--;   -999.000;    120.872; 100
1948-12-01;--:--;   -999.000;     83.936; 100
1949-01-01;--:--;   -999.000;    270.818; 100
1949-02-01;--:--;   -999.000;    211.881; 100
1949-03-01;--:--;   -999.000;    282.392; 100
1949-04-01;--:--;   -999.000;    328.739; 100
1949-05-01;--:--;   -999.000;    198.501; 100
1949-06-01;--:--;   -999.000;     83.659; 100
1949-07-01;--:--;   -999.000;     45.201; 100
1949-08-01;--:--;   -999.000;     39.813; 100
1949-09-01;--:--;   -999.000;     54.921; 100
1949-10-01;--:--;   -999.000;     49.252; 100
1949-11-01;--:--;   -999.000;     80.983; 100
1949-12-01;--:--;   -999.000;    101.429; 100
1950-01-01;--:--;   -999.000;    174.048; 100
1950-02-01;--:--;   -999.000;    157.401; 100
1950-03-01;--:--;   -999.000;    242.620; 100
1950-04-01;--:--;   -999.000;    520.935; 100
1950-05-01;--:--;   -999.000;    207.151; 100
1950-06-01;--:--;   -999.000;    137.219; 100
1950-07-01;--:--;   -999.000;     41.816; 100
1950-08-01;--:--;   -999.000;     36.539; 100
1950-09-01;--:--;   -999.000;     51.992; 100
1950-10-01;--:--;   -999.000;     56.725; 100
1950-11-01;--:--;   -999.000;    171.273; 100
1950-12-01;--:--;   -999.000;    288.868; 100
1951-01-01;--:--;   -999.000;    198.665; 100
1951-02-01;--:--;   -999.000;    391.146; 100
1951-03-01;--:--;   -999.000;    396.974; 100
1951-04-01;--:--;   -999.000;    751.717; 100
1951-05-01;--:--;   -999.000;    253.125; 100
1951-06-01;--:--;   -999.000;    163.048; 100
1951-07-01;--:--;   -999.000;    131.399; 100
1951-08-01;--:--;   -999.000;    135.692; 100
1951-09-01;--:--;   -999.000;    121.838; 100
1951-10-01;--:--;   -999.000;    158.684; 100
1951-11-01;--:--;   -999.000;    445.121; 100
1951-12-01;--:--;   -999.000;    291.362; 100
1952-01-01;--:--;   -999.000;    381.400; 100
1952-02-01;--:--;   -999.000;    351.763; 100
1952-03-01;--:--;   -999.000;    353.604; 100
1952-04-01;--:--;   -999.000;    785.697; 100
1952-05-01;--:--;   -999.000;    395.293; 100
1952-06-01;--:--;   -999.000;    301.631; 100
1952-07-01;--:--;   -999.000;     68.270; 100
1952-08-01;--:--;   -999.000;     68.182; 100
1952-09-01;--:--;   -999.000;     56.933; 100
1952-10-01;--:--;   -999.000;     61.968; 100
1952-11-01;--:--;   -999.000;     60.491; 100
1952-12-01;--:--;   -999.000;    210.430; 100
1953-01-01;--:--;   -999.000;    227.265; 100
1953-02-01;--:--;   -999.000;    384.957; 100
1953-03-01;--:--;   -999.000;    714.259; 100
1953-04-01;--:--;   -999.000;    766.347; 100
1953-05-01;--:--;   -999.000;    481.952; 100
1953-06-01;--:--;   -999.000;     95.338; 100
1953-07-01;--:--;   -999.000;     48.364; 100
1953-08-01;--:--;   -999.000;     55.525; 100
1953-09-01;--:--;   -999.000;     37.426; 100
1953-10-01;--:--;   -999.000;     50.666; 100
1953-11-01;--:--;   -999.000;    107.155; 100
1953-12-01;--:--;   -999.000;    254.440; 100
1954-01-01;--:--;   -999.000;    132.925; 100
1954-02-01;--:--;   -999.000;    221.559; 100
1954-03-01;--:--;   -999.000;    325.488; 100
1954-04-01;--:--;   -999.000;    465.321; 100
1954-05-01;--:--;   -999.000;    701.343; 100
1954-06-01;--:--;   -999.000;    271.190; 100
1954-07-01;--:--;   -999.000;    103.090; 100
1954-08-01;--:--;   -999.000;     77.761; 100
1954-09-01;--:--;   -999.000;    409.867; 100
1954-10-01;--:--;   -999.000;    179.382; 100
1954-11-01;--:--;   -999.000;    342.756; 100
1954-12-01;--:--;   -999.000;    408.301; 100
1955-01-01;--:--;   -999.000;    242.711; 100
1955-02-01;--:--;   -999.000;    211.132; 100
1955-03-01;--:--;   -999.000;    330.932; 100
1955-04-01;--:--;   -999.000;    491.391; 100
1955-05-01;--:--;   -999.000;    225.767; 100
1955-06-01;--:--;   -999.000;    187.958; 100
1955-07-01;--:--;   -999.000;     62.721; 100
1955-08-01;--:--;   -999.000;    147.923; 100
1955-09-01;--:--;   -999.000;     96.744; 100
1955-10-01;--:--;   -999.000;    209.269; 100
1955-11-01;--:--;   -999.000;    386.628; 100
1955-12-01;--:--;   -999.000;    137.053; 100
1956-01-01;--:--;   -999.000;    362.254; 100
1956-02-01;--:--;   -999.000;    207.767; 100
1956-03-01;--:--;   -999.000;    225.402; 100
1956-04-01;--:--;   -999.000;    710.969; 100
1956-05-01;--:--;   -999.000;    490.922; 100
1956-06-01;--:--;   -999.000;    214.688; 100
1956-07-01;--:--;   -999.000;    105.923; 100
1956-08-01;--:--;   -999.000;     49.607; 100
1956-09-01;--:--;   -999.000;     84.881; 100
1956-10-01;--:--;   -999.000;     88.951; 100
1956-11-01;--:--;   -999.000;    103.392; 100
1956-12-01;--:--;   -999.000;    173.801; 100
1957-01-01;--:--;   -999.000;    197.880; 100
1957-02-01;--:--;   -999.000;    164.895; 100
1957-03-01;--:--;   -999.000;    269.073; 100
1957-04-01;--:--;   -999.000;    266.367; 100
1957-05-01;--:--;   -999.000;    135.665; 100
1957-06-01;--:--;   -999.000;     67.790; 100
1957-07-01;--:--;   -999.000;     54.905; 100
1957-08-01;--:--;   -999.000;     33.896; 100
1957-09-01;--:--;   -999.000;     25.346; 100
1957-10-01;--:--;   -999.000;     36.514; 100
1957-11-01;--:--;   -999.000;    126.991; 100
1957-12-01;--:--;   -999.000;    332.229; 100
1958-01-01;--:--;   -999.000;    317.239; 100
1958-02-01;--:--;   -999.000;    283.542; 100
1958-03-01;--:--;   -999.000;    348.160; 100
1958-04-01;--:--;   -999.000;    745.015; 100
1958-05-01;--:--;   -999.000;    436.545; 100
1958-06-01;--:--;   -999.000;    121.007; 100
1958-07-01;--:--;   -999.000;     69.036; 100
1958-08-01;--:--;   -999.000;     60.346; 100
1958-09-01;--:--;   -999.000;     55.240; 100
1958-10-01;--:--;   -999.000;     76.632; 100
1958-11-01;--:--;   -999.000;    111.379; 100
1958-12-01;--:--;   -999.000;    125.142; 100
1959-01-01;--:--;   -999.000;    120.493; 100
1959-02-01;--:--;   -999.000;    127.213; 100
1959-03-01;--:--;   -999.000;    275.376; 100
1959-04-01;--:--;   -999.000;    623.140; 100
1959-05-01;--:--;   -999.000;    174.176; 100
1959-06-01;--:--;   -999.000;    106.755; 100
1959-07-01;--:--;   -999.000;     95.017; 100
1959-08-01;--:--;   -999.000;     52.409; 100
1959-09-01;--:--;   -999.000;     74.371; 100
1959-10-01;--:--;   -999.000;    206.219; 100
1959-11-01;--:--;   -999.000;    318.470; 100
1959-12-01;--:--;   -999.000;    386.707; 100
1960-01-01;--:--;   -999.000;    248.950; 100
1960-02-01;--:--;   -999.000;    281.860; 100
1960-03-01;--:--;   -999.000;    212.495; 100
1960-04-01;--:--;   -999.000;    943.138; 100
1960-05-01;--:--;   -999.000;    391.603; 100
1960-06-01;--:--;   -999.000;    192.177; 100
1960-07-01;--:--;   -999.000;     70.765; 100
1960-08-01;--:--;   -999.000;     71.557; 100
1960-09-01;--:--;   -999.000;    165.388; 100
1960-10-01;--:--;   -999.000;    150.554; 100
1960-11-01;--:--;   -999.000;    192.243; 100
1960-12-01;--:--;   -999.000;    157.779; 100
1961-01-01;--:--;   -999.000;    102.735; 100
1961-02-01;--:--;   -999.000;    136.366; 100
1961-03-01;--:--;   -999.000;    339.509; 100
1961-04-01;--:--;   -999.000;    612.115; 100
1961-05-01;--:--;   -999.000;    348.982; 100
1961-06-01;--:--;   -999.000;    150.787; 100
1961-07-01;--:--;   -999.000;     79.077; 100
1961-08-01;--:--;   -999.000;     53.765; 100
1961-09-01;--:--;   -999.000;     74.133; 100
1961-10-01;--:--;   -999.000;     68.536; 100
1961-11-01;--:--;   -999.000;    103.369; 100
1961-12-01;--:--;   -999.000;    104.306; 100
1962-01-01;--:--;   -999.000;    143.055; 100
1962-02-01;--:--;   -999.000;     96.580; 100
1962-03-01;--:--;   -999.000;    233.970; 100
1962-04-01;--:--;   -999.000;    652.636; 100
1962-05-01;--:--;   -999.000;    275.879; 100
1962-06-01;--:--;   -999.000;    101.752; 100
1962-07-01;--:--;   -999.000;     49.828; 100
1962-08-01;--:--;   -999.000;     58.475; 100
1962-09-01;--:--;   -999.000;     47.763; 100
1962-10-01;--:--;   -999.000;    269.640; 100
1962-11-01;--:--;   -999.000;    301.310; 100
1962-12-01;--:--;   -999.000;    292.293; 100
1963-01-01;--:--;   -999.000;    160.511; 100
1963-02-01;--:--;   -999.000;    137.792; 100
1963-03-01;--:--;   -999.000;    291.846; 100
1963-04-01;--:--;   -999.000;    533.696; 100
1963-05-01;--:--;   -999.000;    263.364; 100
1963-06-01;--:--;   -999.000;     72.583; 100
1963-07-01;--:--;   -999.000;     38.893; 100
1963-08-01;--:--;   -999.000;     36.197; 100
1963-09-01;--:--;   -999.000;     33.335; 100
1963-10-01;--:--;   -999.000;     37.037; 100
1963-11-01;--:--;   -999.000;    177.465; 100
1963-12-01;--:--;   -999.000;    190.015; 100
1964-01-01;--:--;   -999.000;    223.146; 100
1964-02-01;--:--;   -999.000;    214.749; 100
1964-03-01;--:--;   -999.000;    364.492; 100
1964-04-01;--:--;   -999.000;    510.457; 100
1964-05-01;--:--;   -999.000;    181.958; 100
1964-06-01;--:--;   -999.000;     51.682; 100
1964-07-01;--:--;   -999.000;     42.002; 100
1964-08-01;--:--;   -999.000;     32.527; 100
1964-09-01;--:--;   -999.000;     29.995; 100
1964-10-01;--:--;   -999.000;     29.328; 100
1964-11-01;--:--;   -999.000;     52.177; 100
1964-12-01;--:--;   -999.000;     81.056; 100
1965-01-01;--:--;     72.000;     71.696; 100
1965-02-01;--:--;     93.000;     93.139; 100
1965-03-01;--:--;    166.000;    165.964; 100
1965-04-01;--:--;    249.000;    249.046; 100
1965-05-01;--:--;    141.000;    141.456; 100
1965-06-01;--:--;     64.000;     64.223; 100
1965-07-01;--:--;     33.000;     32.864; 100
1965-08-01;--:--;     25.000;     25.501; 100
1965-09-01;--:--;     39.000;     38.615; 100
1965-10-01;--:--;     61.000;     61.263; 100
1965-11-01;--:--;     75.000;     75.344; 100
1965-12-01;--:--;     71.000;     71.405; 100
1966-01-01;--:--;     73.000;     73.167; 100
1966-02-01;--:--;    118.000;    118.304; 100
1966-03-01;--:--;    312.000;    311.731; 100
1966-04-01;--:--;    264.000;    263.922; 100
1966-05-01;--:--;    232.000;    231.668; 100
1966-06-01;--:--;    107.000;    106.684; 100
1966-07-01;--:--;     34.000;     33.759; 100
1966-08-01;--:--;     39.000;     38.903; 100
1966-09-01;--:--;     54.000;     54.130; 100
1966-10-01;--:--;     87.000;     87.307; 100
1966-11-01;--:--;    190.000;    190.025; 100
1966-12-01;--:--;    131.000;    131.280; 100
1967-01-01;--:--;    113.000;    112.728; 100
1967-02-01;--:--;    108.000;    108.514; 100
1967-03-01;--:--;    152.000;    152.216; 100
1967-04-01;--:--;    663.000;    663.085; 100
1967-05-01;--:--;    452.000;    451.607; 100
1967-06-01;--:--;    209.000;    208.836; 100
1967-07-01;--:--;    124.000;    123.799; 100
1967-08-01;--:--;     85.000;     85.151; 100
1967-09-01;--:--;     49.000;     48.790; 100
1967-10-01;--:--;     83.000;     82.740; 100
1967-11-01;--:--;    107.000;    107.217; 100
1967-12-01;--:--;    193.000;    193.139; 100
1968-01-01;--:--;    126.000;    128.010; 100
1968-02-01;--:--;    139.000;    140.715; 100
1968-03-01;--:--;    486.000;    491.945; 100
1968-04-01;--:--;    399.000;    403.883; 100
1968-05-01;--:--;    288.000;    291.581; 100
1968-06-01;--:--;    328.000;    332.354; 100
1968-07-01;--:--;    168.000;    169.937; 100
1968-08-01;--:--;     52.000;     52.377; 100
1968-09-01;--:--;     46.000;     46.937; 100
1968-10-01;--:--;     54.000;     54.824; 100
1968-11-01;--:--;    127.000;    128.785; 100
1968-12-01;--:--;    275.000;    278.500; 100
1969-01-01;--:--;    147.000;    149.038; 100
1969-02-01;--:--;    157.000;    158.827; 100
1969-03-01;--:--;    301.000;    305.301; 100
1969-04-01;--:--;    925.000;    936.153; 100
1969-05-01;--:--;    390.000;    394.380; 100
1969-06-01;--:--;    136.000;    137.931; 100
1969-07-01;--:--;     70.000;     70.818; 100
1969-08-01;--:--;    162.000;    163.817; 100
1969-09-01;--:--;     75.000;     76.427; 100
1969-10-01;--:--;     57.000;     58.132; 100
1969-11-01;--:--;    315.000;    319.366; 100
1969-12-01;--:--;    331.000;    335.362; 100
1970-01-01;--:--;    263.000;    266.023; 100
1970-02-01;--:--;    515.000;    520.938; 100
1970-03-01;--:--;    281.000;    285.004; 100
1970-04-01;--:--;    663.000;    671.014; 100
1970-05-01;--:--;    330.000;    334.367; 100
1970-06-01;--:--;    107.000;    109.095; 100
1970-07-01;--:--;     63.000;     63.386; 100
1970-08-01;--:--;     44.000;     44.241; 100
1970-09-01;--:--;     47.000;     47.893; 100
1970-10-01;--:--;     87.000;     87.581; 100
1970-11-01;--:--;    119.000;    120.545; 100
1970-12-01;--:--;    139.000;    140.716; 100
1971-01-01;--:--;    116.000;    118.054; 100
1971-02-01;--:--;    146.000;    148.249; 100
1971-03-01;--:--;    275.000;    278.720; 100
1971-04-01;--:--;    607.000;    614.475; 100
1971-05-01;--:--;    462.000;    467.547; 100
1971-06-01;--:--;     98.000;     99.420; 100
1971-07-01;--:--;     44.000;     44.372; 100
1971-08-01;--:--;     59.000;     59.706; 100
1971-09-01;--:--;     58.000;     58.718; 100
1971-10-01;--:--;     60.000;     60.730; 100
1971-11-01;--:--;     64.000;     64.770; 100
1971-12-01;--:--;    134.000;    136.213; 100
1972-01-01;--:--;    144.000;    146.416; 100
1972-02-01;--:--;    168.000;    170.330; 100
1972-03-01;--:--;    429.000;    434.014; 100
1972-04-01;--:--;    633.000;    641.187; 100
1972-05-01;--:--;    537.000;    543.052; 100
1972-06-01;--:--;    285.000;    288.841; 100
1972-07-01;--:--;    192.000;    194.463; 100
1972-08-01;--:--;     82.000;     83.398; 100
1972-09-01;--:--;     61.000;     62.024; 100
1972-10-01;--:--;     85.000;     86.363; 100
1972-11-01;--:--;    272.000;    273.002; 100
1972-12-01;--:--;    351.000;    353.284; 100
1973-01-01;--:--;    371.000;    371.188; 100
1973-02-01;--:--;    456.000;    456.184; 100
1973-03-01;--:--;    565.000;    564.893; 100
1973-04-01;--:--;    632.000;    632.314; 100
1973-05-01;--:--;    469.000;    468.597; 100
1973-06-01;--:--;    238.000;    238.050; 100
1973-07-01;--:--;    411.000;    411.041; 100
1973-08-01;--:--;    116.000;    115.935; 100
1973-09-01;--:--;     60.000;     60.407; 100
1973-10-01;--:--;     72.000;     72.592; 100
1973-11-01;--:--;    127.000;    126.491; 100
1973-12-01;--:--;    535.000;    534.566; 100
1974-01-01;--:--;    362.000;    362.437; 100
1974-02-01;--:--;    306.000;    306.357; 100
1974-03-01;--:--;    363.000;    363.295; 100
1974-04-01;--:--;    521.000;    521.312; 100
1974-05-01;--:--;    397.000;    397.020; 100
1974-06-01;--:--;    160.000;    159.697; 100
1974-07-01;--:--;     72.000;     71.961; 100
1974-08-01;--:--;     39.000;     39.289; 100
1974-09-01;--:--;     87.000;     87.027; 100
1974-10-01;--:--;    106.000;    105.704; 100
1974-11-01;--:--;    155.000;    154.581; 100
1974-12-01;--:--;    252.000;    251.709; 100
1975-01-01;--:--;    232.000;    232.152; 100
1975-02-01;--:--;    225.000;    225.260; 100
1975-03-01;--:--;    404.000;    403.432; 100
1975-04-01;--:--;    519.000;    519.236; 100
1975-05-01;--:--;    230.000;    230.353; 100
1975-06-01;--:--;    161.000;    160.811; 100
1975-07-01;--:--;     98.000;     97.951; 100
1975-08-01;--:--;     55.000;     55.012; 100
1975-09-01;--:--;    124.000;    124.358; 100
1975-10-01;--:--;    319.000;    318.948; 100
1975-11-01;--:--;    382.000;    382.267; 100
1975-12-01;--:--;    286.000;    285.853; 100
1976-01-01;--:--;    247.000;    250.284; 100
1976-02-01;--:--;    445.000;    449.944; 100
1976-03-01;--:--;    503.000;    509.063; 100
1976-04-01;--:--;    504.000;    509.901; 100
1976-05-01;--:--;    346.000;    349.676; 100
1976-06-01;--:--;     95.000;     96.626; 100
1976-07-01;--:--;     70.000;     74.135; 100
1976-08-01;--:--;    283.000;    286.283; 100
1976-09-01;--:--;    138.000;    139.168; 100
1976-10-01;--:--;    263.000;    266.379; 100
1976-11-01;--:--;    125.000;    126.368; 100
1976-12-01;--:--;    103.000;    104.169; 100
1977-01-01;--:--;     75.000;     78.501; 100
1977-02-01;--:--;     85.000;     86.508; 100
1977-03-01;--:--;    606.000;    612.584; 100
1977-04-01;--:--;    585.000;    591.547; 100
1977-05-01;--:--;    225.000;    227.658; 100
1977-06-01;--:--;    105.000;    106.547; 100
1977-07-01;--:--;     55.000;     54.973; 100
1977-08-01;--:--;     47.000;     47.481; 100
1977-09-01;--:--;     75.000;     78.474; 100
1977-10-01;--:--;    357.000;    360.555; 100
1977-11-01;--:--;    249.000;    251.774; 100
1977-12-01;--:--;    348.000;    351.512; 100
1978-01-01;--:--;    519.000;    524.583; 100
1978-02-01;--:--;    356.000;    360.382; 100
1978-03-01;--:--;    271.000;    274.116; 100
1978-04-01;--:--;    601.000;    608.056; 100
1978-05-01;--:--;    367.000;    371.589; 100
1978-06-01;--:--;    205.000;    207.251; 100
1978-07-01;--:--;     55.000;     55.122; 100
1978-08-01;--:--;     48.000;     48.536; 100
1978-09-01;--:--;     35.000;     35.139; 100
1978-10-01;--:--;     47.000;     47.984; 100
1978-11-01;--:--;     55.000;     54.916; 100
1978-12-01;--:--;     70.000;     73.922; 100
1979-01-01;--:--;    278.000;    280.839; 100
1979-02-01;--:--;    184.000;    186.466; 100
1979-03-01;--:--;    700.000;    708.075; 100
1979-04-01;--:--;    514.000;    519.519; 100
1979-05-01;--:--;    404.000;    408.922; 100
1979-06-01;--:--;    189.000;    191.327; 100
1979-07-01;--:--;     60.000;     62.578; 100
1979-08-01;--:--;     75.000;     74.720; 100
1979-09-01;--:--;     95.000;     95.560; 100
1979-10-01;--:--;    245.000;    247.936; 100
1979-11-01;--:--;    228.000;    230.990; 100
1979-12-01;--:--;    214.000;    216.158; 100
1980-01-01;--:--;    148.000;    147.887; 100
1980-02-01;--:--;     68.000;     68.380; 100
1980-03-01;--:--;    292.000;    291.992; 100
1980-04-01;--:--;    533.000;    533.205; 100
1980-05-01;--:--;    263.000;    263.045; 100
1980-06-01;--:--;    101.000;    100.629; 100
1980-07-01;--:--;     63.000;     63.673; 100
1980-08-01;--:--;     38.000;     38.636; 100
1980-09-01;--:--;     33.000;     32.889; 100
1980-10-01;--:--;     74.000;     73.834; 100
1980-11-01;--:--;    101.000;    100.652; 100
1980-12-01;--:--;    135.000;    134.788; 100
1981-01-01;--:--;     66.000;     66.535; 100
1981-02-01;--:--;    415.000;    415.812; 100
1981-03-01;--:--;    364.000;    363.999; 100
1981-04-01;--:--;    313.000;    312.844; 100
1981-05-01;--:--;    271.000;    271.439; 100
1981-06-01;--:--;    125.000;    125.519; 100
1981-07-01;--:--;    144.000;    144.343; 100
1981-08-01;--:--;    132.000;    132.395; 100
1981-09-01;--:--;    112.000;    112.106; 100
1981-10-01;--:--;    246.000;    246.612; 100
1981-11-01;--:--;    318.000;    318.139; 100
1981-12-01;--:--;    280.000;    280.208; 100
1982-01-01;--:--;    290.000;    290.393; 100
1982-02-01;--:--;    279.000;    279.022; 100
1982-03-01;--:--;    338.000;    338.285; 100
1982-04-01;--:--;    701.000;    701.124; 100
1982-05-01;--:--;    272.000;    272.408; 100
1982-06-01;--:--;    431.000;    431.189; 100
1982-07-01;--:--;    144.000;    144.333; 100
1982-08-01;--:--;    102.000;    101.840; 100
1982-09-01;--:--;     50.000;     50.451; 100
1982-10-01;--:--;     83.000;     83.580; 100
1982-11-01;--:--;    131.000;    131.532; 100
1982-12-01;--:--;    126.000;    126.558; 100
1983-01-01;--:--;    228.000;    228.297; 100
1983-02-01;--:--;    292.000;    291.633; 100
1983-03-01;--:--;    785.000;    785.481; 100
1983-04-01;--:--;    676.000;    676.016; 100
1983-05-01;--:--;    480.000;    480.774; 100
1983-06-01;--:--;    262.000;    262.686; 100
1983-07-01;--:--;     61.000;     61.108; 100
1983-08-01;--:--;     42.000;     41.808; 100
1983-09-01;--:--;     37.000;     37.469; 100
1983-10-01;--:--;     63.000;     63.300; 100
1983-11-01;--:--;    283.000;    282.885; 100
1983-12-01;--:--;    553.000;    552.908; 100
1984-01-01;--:--;    220.000;    219.857; 100
1984-02-01;--:--;    481.000;    481.669; 100
1984-03-01;--:--;    424.000;    424.871; 100
1984-04-01;--:--;    782.000;    782.865; 100
1984-05-01;--:--;    460.000;    459.737; 100
1984-06-01;--:--;    670.000;    670.061; 100
1984-07-01;--:--;    215.000;    215.381; 100
1984-08-01;--:--;     62.000;     62.306; 100
1984-09-01;--:--;     48.000;     48.334; 100
1984-10-01;--:--;   -999.000;     65.768; 100
1984-11-01;--:--;   -999.000;    103.640; 100
1984-12-01;--:--;   -999.000;    130.066; 100
1985-01-01;--:--;   -999.000;    138.022; 100
1985-02-01;--:--;   -999.000;    158.483; 100
1985-03-01;--:--;   -999.000;    306.397; 100
1985-04-01;--:--;   -999.000;    230.772; 100
1985-05-01;--:--;   -999.000;    161.561; 100
1985-06-01;--:--;   -999.000;     75.464; 100
1985-07-01;--:--;   -999.000;     56.131; 100
1985-08-01;--:--;   -999.000;     47.124; 100
1985-09-01;--:--;   -999.000;     93.729; 100
1985-10-01;--:--;   -999.000;    140.954; 100
1985-11-01;--:--;   -999.000;    286.547; 100
1985-12-01;--:--;   -999.000;    194.399; 100
1986-01-01;--:--;   -999.000;    287.279; 100
1986-02-01;--:--;   -999.000;    311.535; 100
1986-03-01;--:--;   -999.000;    493.434; 100
1986-04-01;--:--;   -999.000;    398.550; 100
1986-05-01;--:--;   -999.000;    165.416; 100
1986-06-01;--:--;   -999.000;    220.352; 100
1986-07-01;--:--;   -999.000;    123.690; 100
1986-08-01;--:--;   -999.000;    185.932; 100
1986-09-01;--:--;   -999.000;     87.206; 100
1986-10-01;--:--;   -999.000;    105.549; 100
1986-11-01;--:--;   -999.000;    213.679; 100
1986-12-01;--:--;   -999.000;    403.240; 100
1987-01-01;--:--;   -999.000;    216.697; 100
1987-02-01;--:--;   -999.000;    141.028; 100
1987-03-01;--:--;   -999.000;    274.070; 100
1987-04-01;--:--;   -999.000;   1060.275; 100
1987-05-01;--:--;   -999.000;    283.771; 100
1987-06-01;--:--;   -999.000;    175.508; 100
1987-07-01;--:--;   -999.000;    136.971; 100
1987-08-01;--:--;   -999.000;     53.080; 100
1987-09-01;--:--;   -999.000;    109.369; 100
1987-10-01;--:--;   -999.000;    155.523; 100
1987-11-01;--:--;   -999.000;    155.658; 100
1987-12-01;--:--;   -999.000;    214.230; 100
1988-01-01;--:--;   -999.000;    127.215; 100
1988-02-01;--:--;   -999.000;    192.632; 100
1988-03-01;--:--;   -999.000;    252.083; 100
1988-04-01;--:--;   -999.000;    353.290; 100
1988-05-01;--:--;   -999.000;    398.664; 100
1988-06-01;--:--;   -999.000;    115.004; 100
1988-07-01;--:--;   -999.000;    100.884; 100
1988-08-01;--:--;   -999.000;     72.317; 100
1988-09-01;--:--;   -999.000;     97.476; 100
1988-10-01;--:--;   -999.000;     66.197; 100
1988-11-01;--:--;   -999.000;    270.444; 100
1988-12-01;--:--;   -999.000;    140.104; 100
1989-01-01;--:--;   -999.000;     86.302; 100
1989-02-01;--:--;   -999.000;     96.490; 100
1989-03-01;--:--;   -999.000;    150.655; 100
1989-04-01;--:--;   -999.000;    484.736; 100
1989-05-01;--:--;   -999.000;    537.818; 100
1989-06-01;--:--;   -999.000;    318.658; 100
1989-07-01;--:--;   -999.000;    106.416; 100
1989-08-01;--:--;   -999.000;    108.280; 100
1989-09-01;--:--;   -999.000;     80.703; 100
1989-10-01;--:--;   -999.000;    260.368; 100
1989-11-01;--:--;   -999.000;    346.985; 100
1989-12-01;--:--;   -999.000;    155.907; 100
1990-01-01;--:--;   -999.000;    157.021; 100
1990-02-01;--:--;   -999.000;    317.947; 100
1990-03-01;--:--;   -999.000;    521.376; 100
1990-04-01;--:--;   -999.000;    474.212; 100
1990-05-01;--:--;   -999.000;    420.194; 100
1990-06-01;--:--;   -999.000;    201.842; 100
1990-07-01;--:--;   -999.000;     90.248; 100
1990-08-01;--:--;   -999.000;    314.718; 100
1990-09-01;--:--;   -999.000;     84.110; 100
1990-10-01;--:--;   -999.000;    276.162; 100
1990-11-01;--:--;   -999.000;    338.886; 100
1990-12-01;--:--;   -999.000;    378.395; 100
1991-01-01;--:--;   -999.000;    239.880; 100
1991-02-01;--:--;   -999.000;    244.212; 100
1991-03-01;--:--;   -999.000;    377.901; 100
1991-04-01;--:--;   -999.000;    354.470; 100
1991-05-01;--:--;   -999.000;    261.702; 100
1991-06-01;--:--;   -999.000;     93.729; 100
1991-07-01;--:--;   -999.000;     45.672; 100
1991-08-01;--:--;   -999.000;    158.385; 100
1991-09-01;--:--;   -999.000;    147.304; 100
1991-10-01;--:--;   -999.000;    269.786; 100
1991-11-01;--:--;   -999.000;    309.673; 100
1991-12-01;--:--;   -999.000;    305.785; 100
1992-01-01;--:--;   -999.000;    293.554; 100
1992-02-01;--:--;   -999.000;    175.799; 100
1992-03-01;--:--;   -999.000;    288.475; 100
1992-04-01;--:--;   -999.000;    349.798; 100
1992-05-01;--:--;   -999.000;    248.439; 100
1992-06-01;--:--;   -999.000;    199.511; 100
1992-07-01;--:--;   -999.000;    109.020; 100
1992-08-01;--:--;   -999.000;    102.406; 100
1992-09-01;--:--;   -999.000;     87.914; 100
1992-10-01;--:--;   -999.000;     94.286; 100
1992-11-01;--:--;   -999.000;    215.132; 100
1992-12-01;--:--;   -999.000;    214.139; 100
1993-01-01;--:--;   -999.000;    237.542; 100
1993-02-01;--:--;   -999.000;    137.974; 100
1993-03-01;--:--;   -999.000;    219.866; 100
1993-04-01;--:--;   -999.000;    898.398; 100
1993-05-01;--:--;   -999.000;    193.367; 100
1993-06-01;--:--;   -999.000;     95.173; 100
1993-07-01;--:--;   -999.000;     37.786; 100
1993-08-01;--:--;   -999.000;     57.633; 100
1993-09-01;--:--;   -999.000;     59.031; 100
1993-10-01;--:--;   -999.000;     99.465; 100
1993-11-01;--:--;   -999.000;    166.446; 100
1993-12-01;--:--;   -999.000;    326.502; 100
1994-01-01;--:--;   -999.000;    153.916; 100
1994-02-01;--:--;   -999.000;    180.611; 100
1994-03-01;--:--;   -999.000;    418.175; 100
1994-04-01;--:--;   -999.000;    660.537; 100
1994-05-01;--:--;   -999.000;    368.584; 100
1994-06-01;--:--;   -999.000;    111.889; 100
1994-07-01;--:--;   -999.000;     65.795; 100
1994-08-01;--:--;   -999.000;     73.962; 100
1994-09-01;--:--;   -999.000;     81.685; 100
1994-10-01;--:--;   -999.000;     95.793; 100
1994-11-01;--:--;   -999.000;     97.551; 100
1994-12-01;--:--;   -999.000;    295.719; 100
1995-01-01;--:--;   -999.000;    357.568; 100
1995-02-01;--:--;   -999.000;    181.905; 100
1995-03-01;--:--;   -999.000;    334.257; 100
1995-04-01;--:--;   -999.000;    197.623; 100
1995-05-01;--:--;   -999.000;    172.084; 100
1995-06-01;--:--;   -999.000;     91.831; 100
1995-07-01;--:--;   -999.000;     47.771; 100
1995-08-01;--:--;   -999.000;     58.502; 100
1995-09-01;--:--;   -999.000;     27.378; 100
1995-10-01;--:--;   -999.000;    205.762; 100
1995-11-01;--:--;   -999.000;    492.797; 100
1995-12-01;--:--;   -999.000;    184.397; 100
1996-01-01;--:--;   -999.000;    415.033; 100
1996-02-01;--:--;   -999.000;    435.932; 100
1996-03-01;--:--;   -999.000;    377.792; 100
1996-04-01;--:--;   -999.000;    688.193; 100
1996-05-01;--:--;   -999.000;    602.289; 100
1996-06-01;--:--;   -999.000;    165.200; 100
1996-07-01;--:--;   -999.000;    243.835; 100
1996-08-01;--:--;   -999.000;     73.788; 100
1996-09-01;--:--;   -999.000;     62.599; 100
1996-10-01;--:--;   -999.000;    327.287; 100
1996-11-01;--:--;   -999.000;    293.985; 100
1996-12-01;--:--;   -999.000;    577.160; 100
1997-01-01;--:--;   -999.000;    301.428; 100
1997-02-01;--:--;   -999.000;    255.711; 100
1997-03-01;--:--;   -999.000;    326.977; 100
1997-04-01;--:--;   -999.000;    724.816; 100
1997-05-01;--:--;   -999.000;    370.238; 100
1997-06-01;--:--;   -999.000;    117.741; 100
1997-07-01;--:--;   -999.000;    105.813; 100
1997-08-01;--:--;   -999.000;     52.114; 100
1997-09-01;--:--;   -999.000;     51.225; 100
1997-10-01;--:--;   -999.000;     53.236; 100
1997-11-01;--:--;   -999.000;    191.440; 100
1997-12-01;--:--;   -999.000;    126.156; 100
1998-01-01;--:--;   -999.000;    291.243; 100
1998-02-01;--:--;   -999.000;    305.670; 100
1998-03-01;--:--;   -999.000;    588.624; 100
1998-04-01;--:--;   -999.000;    447.236; 100
1998-05-01;--:--;   -999.000;    308.763; 100
1998-06-01;--:--;   -999.000;    592.822; 100
1998-07-01;--:--;   -999.000;    247.197; 100
1998-08-01;--:--;   -999.000;     64.635; 100
1998-09-01;--:--;   -999.000;     50.225; 100
1998-10-01;--:--;   -999.000;    114.555; 100
1998-11-01;--:--;   -999.000;    116.052; 100
1998-12-01;--:--;   -999.000;    115.660; 100
1999-01-01;--:--;   -999.000;    219.866; 100
1999-02-01;--:--;   -999.000;    289.094; 100
1999-03-01;--:--;   -999.000;    460.312; 100
1999-04-01;--:--;   -999.000;    307.464; 100
1999-05-01;--:--;   -999.000;    162.776; 100
1999-06-01;--:--;   -999.000;     56.464; 100
1999-07-01;--:--;   -999.000;     49.993; 100
1999-08-01;--:--;   -999.000;     34.593; 100
1999-09-01;--:--;   -999.000;    229.807; 100
1999-10-01;--:--;   -999.000;    173.847; 100
1999-11-01;--:--;   -999.000;    186.013; 100
1999-12-01;--:--;   -999.000;    181.182; 100
2000-01-01;--:--;   -999.000;    190.892; 100
2000-02-01;--:--;   -999.000;    176.355; 100
2000-03-01;--:--;   -999.000;    502.029; 100
2000-04-01;--:--;   -999.000;    656.006; 100
2000-05-01;--:--;   -999.000;    358.363; 100
2000-06-01;--:--;   -999.000;    211.508; 100
2000-07-01;--:--;   -999.000;     99.538; 100
2000-08-01;--:--;   -999.000;    131.025; 100
2000-09-01;--:--;   -999.000;     68.357; 100
2000-10-01;--:--;   -999.000;     83.982; 100
2000-11-01;--:--;   -999.000;    150.485; 100
2000-12-01;--:--;   -999.000;    245.397; 100
2001-01-01;--:--;   -999.000;    137.419; 100
2001-02-01;--:--;   -999.000;    136.295; 100
2001-03-01;--:--;   -999.000;    302.771; 100
2001-04-01;--:--;   -999.000;    736.898; 100
2001-05-01;--:--;   -999.000;    208.823; 100
2001-06-01;--:--;   -999.000;    237.578; 100
2001-07-01;--:--;   -999.000;     77.871; 100
2001-08-01;--:--;   -999.000;     43.635; 100
2001-09-01;--:--;   -999.000;     43.086; 100
2001-10-01;--:--;   -999.000;     44.640; 100
2001-11-01;--:--;   -999.000;     50.744; 100
2001-12-01;--:--;   -999.000;     77.268; 100
2002-01-01;--:--;   -999.000;     59.374; 100
2002-02-01;--:--;   -999.000;    101.718; 100
2002-03-01;--:--;   -999.000;    199.579; 100
2002-04-01;--:--;   -999.000;    348.580; 100
2002-05-01;--:--;   -999.000;    337.545; 100
2002-06-01;--:--;   -999.000;    234.265; 100
2002-07-01;--:--;   -999.000;     61.520; 100
2002-08-01;--:--;   -999.000;     30.209; 100
2002-09-01;--:--;   -999.000;     35.138; 100
2002-10-01;--:--;   -999.000;     65.823; 100
2002-11-01;--:--;   -999.000;    166.484; 100
2002-12-01;--:--;   -999.000;    200.848; 100
2003-01-01;--:--;   -999.000;    147.183; 100
2003-02-01;--:--;   -999.000;    121.863; 100
2003-03-01;--:--;   -999.000;    400.527; 100
2003-04-01;--:--;   -999.000;    587.668; 100
2003-05-01;--:--;   -999.000;    340.176; 100
2003-06-01;--:--;   -999.000;    224.798; 100
2003-07-01;--:--;   -999.000;     72.454; 100
2003-08-01;--:--;   -999.000;    190.362; 100
2003-09-01;--:--;   -999.000;    118.091; 100
2003-10-01;--:--;   -999.000;    225.457; 100
2003-11-01;--:--;   -999.000;    339.235; 100
2003-12-01;--:--;   -999.000;    494.822; 100
2004-01-01;--:--;   -999.000;    223.602; 100
2004-02-01;--:--;   -999.000;    112.828; 100
2004-03-01;--:--;   -999.000;    204.584; 100
2004-04-01;--:--;   -999.000;    643.735; 100
2004-05-01;--:--;   -999.000;    337.701; 100
2004-06-01;--:--;   -999.000;    165.663; 100
2004-07-01;--:--;   -999.000;     96.204; 100
2004-08-01;--:--;   -999.000;    124.758; 100
2004-09-01;--:--;   -999.000;    162.954; 100
2004-10-01;--:--;   -999.000;    112.747; 100
2004-11-01;--:--;   -999.000;    147.134; 100
2004-12-01;--:--;   -999.000;    364.446; 100
2005-01-01;--:--;   -999.000;    303.839; 100
2005-02-01;--:--;   -999.000;    246.022; 100
2005-03-01;--:--;   -999.000;    263.273; 100
2005-04-01;--:--;   -999.000;    760.495; 100
2005-05-01;--:--;   -999.000;    447.405; 100
2005-06-01;--:--;   -999.000;    346.730; 100
2005-07-01;--:--;   -999.000;    180.816; 100
2005-08-01;--:--;   -999.000;     63.969; 100
2005-09-01;--:--;   -999.000;     77.635; 100
2005-10-01;--:--;   -999.000;    733.707; 100
2005-11-01;--:--;   -999.000;    522.445; 100
2005-12-01;--:--;   -999.000;    411.690; 100
2006-01-01;--:--;   -999.000;    535.133; 100
2006-02-01;--:--;   -999.000;    442.743; 100
2006-03-01;--:--;   -999.000;    204.502; 100
2006-04-01;--:--;   -999.000;    213.896; 100
2006-05-01;--:--;   -999.000;    787.582; 100
2006-06-01;--:--;   -999.000;    634.674; 100
2006-07-01;--:--;   -999.000;    277.870; 100
2006-08-01;--:--;   -999.000;    114.254; 100
2006-09-01;--:--;   -999.000;     75.643; 100
2006-10-01;--:--;   -999.000;    201.698; 100
2006-11-01;--:--;   -999.000;    526.221; 100
2006-12-01;--:--;   -999.000;    303.657; 100
2007-01-01;--:--;   -999.000;    311.859; 100
2007-02-01;--:--;   -999.000;    108.989; 100
2007-03-01;--:--;   -999.000;    280.364; 100
2007-04-01;--:--;   -999.000;    831.948; 100
2007-05-01;--:--;   -999.000;    415.700; 100
2007-06-01;--:--;   -999.000;    179.916; 100
2007-07-01;--:--;   -999.000;    100.744; 100
2007-08-01;--:--;   -999.000;     51.655; 100
2007-09-01;--:--;   -999.000;     47.582; 100
2007-10-01;--:--;   -999.000;     94.304; 100
2007-11-01;--:--;   -999.000;    157.762; 100
2007-12-01;--:--;   -999.000;    145.083; 100
2008-01-01;--:--;   -999.000;    270.654; 100
2008-02-01;--:--;   -999.000;    475.195; 100
2008-03-01;--:--;   -999.000;    595.384; 100
2008-04-01;--:--;   -999.000;    754.265; 100
2008-05-01;--:--;   -999.000;    337.344; 100
2008-06-01;--:--;   -999.000;    103.007; 100
2008-07-01;--:--;   -999.000;    188.818; 100
2008-08-01;--:--;   -999.000;    325.424; 100
2008-09-01;--:--;   -999.000;    273.559; 100
2008-10-01;--:--;   -999.000;    236.336; 100
2008-11-01;--:--;   -999.000;    311.674; 100
2008-12-01;--:--;   -999.000;    530.529; 100
2009-01-01;--:--;   -999.000;    270.590; 100
2009-02-01;--:--;   -999.000;    193.414; 100
2009-03-01;--:--;   -999.000;    404.337; 100
2009-04-01;--:--;   -999.000;    564.448; 100
2009-05-01;--:--;   -999.000;    247.964; 100
2009-06-01;--:--;   -999.000;    277.665; 100
2009-07-01;--:--;   -999.000;    434.352; 100
2009-08-01;--:--;   -999.000;    278.811; 100
2009-09-01;--:--;   -999.000;    110.483; 100
2009-10-01;--:--;   -999.000;    194.409; 100
2009-11-01;--:--;   -999.000;    290.474; 100
2009-12-01;--:--;   -999.000;    332.421; 100
2010-01-01;--:--;   -999.000;    271.832; 100
2010-02-01;--:--;   -999.000;    273.803; 100
2010-03-01;--:--;   -999.000;    854.071; 100
2010-04-01;--:--;   -999.000;    668.144; 100
2010-05-01;--:--;   -999.000;    160.565; 100
2010-06-01;--:--;   -999.000;     99.024; 100
2010-07-01;--:--;   -999.000;     53.665; 100
2010-08-01;--:--;   -999.000;     40.846; 100
2010-09-01;--:--;   -999.000;     33.865; 100
2010-10-01;--:--;   -999.000;    177.199; 100
2010-11-01;--:--;   -999.000;    218.436; 100
2010-12-01;--:--;   -999.000;    275.102; 100
2011-01-01;--:--;   -999.000;    142.571; 100
2011-02-01;--:--;   -999.000;    129.853; 100
2011-03-01;--:--;   -999.000;    655.799; 100
2011-04-01;--:--;   -999.000;    629.482; 100
2011-05-01;--:--;   -999.000;    428.451; 100
2011-06-01;--:--;   -999.000;    181.501; 100
2011-07-01;--:--;   -999.000;     72.217; 100
2011-08-01;--:--;   -999.000;    175.244; 100
2011-09-01;--:--;   -999.000;    354.309; 100
2011-10-01;--:--;   -999.000;    440.427; 100
2011-11-01;--:--;   -999.000;    374.093; 100
2011-12-01;--:--;   -999.000;    503.126; 100
2012-01-01;--:--;   -999.000;    274.280; 100
2012-02-01;--:--;   -999.000;    191.607; 100
2012-03-01;--:--;   -999.000;    281.917; 100
2012-04-01;--:--;   -999.000;    178.330; 100
2012-05-01;--:--;   -999.000;    303.748; 100
2012-06-01;--:--;   -999.000;    284.914; 100
2012-07-01;--:--;   -999.000;     55.739; 100
2012-08-01;--:--;   -999.000;     76.739; 100
2012-09-01;--:--;   -999.000;     65.497; 100
2012-10-01;--:--;   -999.000;    136.889; 100
2012-11-01;--:--;   -999.000;    223.967; 100
2012-12-01;--:--;   -999.000;    208.832; 100
2013-01-01;--:--;   -999.000;    168.613; 100
2013-02-01;--:--;   -999.000;    191.533; 100
2013-03-01;--:--;   -999.000;    319.706; 100
2013-04-01;--:--;   -999.000;    407.517; 100
2013-05-01;--:--;   -999.000;    228.480; 100
2013-06-01;--:--;   -999.000;    364.607; 100
2013-07-01;--:--;   -999.000;    322.081; 100
2013-08-01;--:--;   -999.000;    111.276; 100
2013-09-01;--:--;   -999.000;    136.704; 100
2013-10-01;--:--;   -999.000;     69.157; 100
2013-11-01;--:--;   -999.000;    109.680; 100
2013-12-01;--:--;   -999.000;    137.081; 100
2014-01-01;--:--;   -999.000;    270.581; 100
2014-02-01;--:--;   -999.000;    165.825; 100
2014-03-01;--:--;   -999.000;    209.115; 100
2014-04-01;--:--;   -999.000;    727.742; 100
2014-05-01;--:--;   -999.000;    327.835; 100
2014-06-01;--:--;   -999.000;    152.949; 100
2014-07-01;--:--;   -999.000;    172.705; 100
2014-08-01;--:--;   -999.000;    147.951; 100
2014-09-01;--:--;   -999.000;     57.030; 100
2014-10-01;--:--;   -999.000;    171.499; 100
2014-11-01;--:--;   -999.000;    151.854; 100
2014-12-01;--:--;   -999.000;    438.125; 100
2015-01-01;--:--;   -999.000;    245.013; 100
2015-02-01;--:--;   -999.000;    153.578; 100
2015-03-01;--:--;   -999.000;    187.421; 100
2015-04-01;--:--;   -999.000;    505.549; 100
2015-05-01;--:--;   -999.000;    145.201; 100
2015-06-01;--:--;   -999.000;    162.840; 100
2015-07-01;--:--;   -999.000;    142.543; 100
2015-08-01;--:--;   -999.000;     56.168; 100
2015-09-01;--:--;   -999.000;     44.061; 100
2015-10-01;--:--;   -999.000;    124.082; 100
2015-11-01;--:--;   -999.000;    141.348; 100
2015-12-01;--:--;   -999.000;    199.688; 100
2016-01-01;--:--;   -999.000;    253.417; 100
2016-02-01;--:--;   -999.000;    322.304; 100
2016-03-01;--:--;   -999.000;    375.316; 100
2016-04-01;--:--;   -999.000;    239.655; 100
2016-05-01;--:--;   -999.000;    147.951; 100
2016-06-01;--:--;   -999.000;     78.683; 100
2016-07-01;--:--;   -999.000;     45.407; 100
2016-08-01;--:--;   -999.000;     35.349; 100
2016-09-01;--:--;   -999.000;     26.882; 100
2016-10-01;--:--;   -999.000;     50.730; 100
2016-11-01;--:--;   -999.000;     82.610; 100
2016-12-01;--:--;   -999.000;    137.044; 100
2017-01-01;--:--;   -999.000;    185.274; 100
2017-02-01;--:--;   -999.000;    198.915; 100
2017-03-01;--:--;   -999.000;    274.700; 100
2017-04-01;--:--;   -999.000;    627.595; 100
2017-05-01;--:--;   -999.000;    478.097; 100
2017-06-01;--:--;   -999.000;    312.400; 100
2017-07-01;--:--;   -999.000;    154.555; 100
2017-08-01;--:--;   -999.000;     63.777; 100
2017-09-01;--:--;   -999.000;     71.349; 100
2017-10-01;--:--;   -999.000;    139.373; 100
2017-11-01;--:--;   -999.000;    332.987; 100
2017-12-01;--:--;   -999.000;    177.921; 100
2018-01-01;--:--;   -999.000;    349.703; 100
2018-02-01;--:--;   -999.000;    345.131; 100
2018-03-01;--:--;   -999.000;    353.092; 100
2018-04-01;--:--;   -999.000;    455.825; 100
2018-05-01;--:--;   -999.000;    255.600; 100
2018-06-01;--:--;   -999.000;     84.356; 100
2018-07-01;--:--;   -999.000;     87.426; 100
2018-08-01;--:--;   -999.000;    203.753; 100
2018-09-01;--:--;   -999.000;    171.534; 100
2018-10-01;--:--;   -999.000;    249.590; 100
2018-11-01;--:--;   -999.000;    657.139; 100
2018-12-01;--:--;   -999.000;    476.544; 100
2019-01-01;--:--;   -999.000;    354.937; 100
2019-02-01;--:--;   -999.000;    289.560; 100
2019-03-01;--:--;   -999.000;    260.853; 100
2019-04-01;--:--;   -999.000;    629.577; 100
2019-05-01;--:--;   -999.000;    439.860; 100
2019-06-01;--:--;   -999.000;    243.421; 100
2019-07-01;--:--;   -999.000;    135.290; 100
2019-08-01;--:--;   -999.000;     64.069; 100
2019-09-01;--:--;   -999.000;     55.793; 100
2019-10-01;--:--;   -999.000;    100.680; 100
2019-11-01;--:--;   -999.000;    194.234; 100
2019-12-01;--:--;   -999.000;    374.659; 100
2020-01-01;--:--;   -999.000;    321.423; 100
2020-02-01;--:--;   -999.000;    226.134; 100
2020-03-01;--:--;   -999.000;    338.906; 100
2020-04-01;--:--;   -999.000;    503.001; 100
2020-05-01;--:--;   -999.000;    295.499; 100
2020-06-01;--:--;   -999.000;     67.875; 100
2020-07-01;--:--;   -999.000;     76.163; 100
2020-08-01;--:--;   -999.000;     32.572; 100
2020-09-01;--:--;   -999.000;     26.975; 100
2020-10-01;--:--;   -999.000;     78.445; 100
2020-11-01;--:--;   -999.000;    101.110; 100
2020-12-01;--:--;   -999.000;    347.657; 100
2021-01-01;--:--;   -999.000;    245.918; 100
2021-02-01;--:--;   -999.000;    138.408; 100
2021-03-01;--:--;   -999.000;    242.748; 100
2021-04-01;--:--;   -999.000;    253.841; 100
2021-05-01;--:--;   -999.000;    254.961; 100
2021-06-01;--:--;   -999.000;    100.496; 100
2021-07-01;--:--;   -999.000;    374.193; 100
2021-08-01;--:--;   -999.000;    240.538; 100
2021-09-01;--:--;   -999.000;   -999.000;  43
